iso,country_name,Transport,Clean cooking,Cold storage,Television,Mobile telephone,Water access,Sanitation,Nutrition,Education,Housing,Cooling,Heating
ABW,Aruba,0.6905073617646471,0.4608333333333333,0.4721666666666666,0.27549999999999997,0.1472,0.33670946263034984,0.5341961101465127,0.06955347918419184,0,0.2635987933577665,0.4372792730366615,0.02577980053656068
AFG,Afghanistan,0.9699524754744532,0.672,0.808,0.493,0.127,0.6240969612097205,0.789546913646647,0.22050347602568648,0.05699180094153839,0.4763338518778195,0.5724294726457528,0.8837209302325582
AGO,Angola,0.9633826852570108,0.502,0.645,0.488,0.373,0.6426925588787863,0.8092220158393376,0.15333328463076387,0.42857077793999454,0.6045417633886204,0.399635955848207,0.12894670742963957
ALB,Albania,0.5965458237565414,0.19999999999999996,0.03599999999999992,0.0159999999999999,0.03099999999999991,0.300555001276268,0.601596691885484,0.03855737500431661,0,0,0.589283951766034,0.23076090525934495
ARE,United Arab Emirates,0.892581874791549,0.2055,0.21733333333333327,0.123,0.10699999999999998,0.17021959725491786,0.04552056331598608,0.0177818811376229,0,0.30204219814427186,0.30204219814427186,7.446677271625543e-5
ARG,Argentina,0.6905073617646471,0.4608333333333333,0.4721666666666666,0.27549999999999997,0.1472,0.2623690036256128,0.40682006301898765,0.01625238829832074,0,0.1750357683208522,0.1750357683208522,0.01385894506666613
ARM,Armenia,0.9042061727968338,0.03200000000000003,0.03099999999999991,0.005,0.03700000000000003,0.2056502263118221,0.516836672862311,0.01998738407007354,0.009753379820000005,0.11763882864737552,0.28499702029435703,0.0326531710748596
AUS,Australia,0.4647866215703289,0,0,0,0,0.00819810836027956,0.26118110737746303,0.00386356190105499,0,0,0.20288914470082897,0.02986708848258442
AUT,Austria,0.5637514787774341,0,0,0,0,0.01090574722247095,0.0327864049949601,7.871147722946107e-4,0,0,0,0.04364878798812302
AZE,Azerbaijan,0.9042061727968338,0,0,0,0,0.27531092184859896,0.5984551515452454,0.01069059439068997,0,0.24994726190635047,0.5144161532378271,0.03815349876559099
BDI,Burundi,0.9633826852570108,0.998,0.986,0.952,0.531,0.5916704101948987,0.7552379488944984,0.11485627787848328,0.3826807022,0.6725492485165312,0,0.0482723571403266
BEL,Belgium,0.5637514787774341,0,0,0,0,0.00476813799443087,0.02899813655467098,5.592693750793908e-4,0.03144897459999996,0,0,0.04905603917416267
BEN,Benin,0.9633826852570108,0.95,0.954,0.7130000000000001,0.16099999999999992,0.6663996989511591,0.8343053937399202,0.06076112684455397,0.2204445647999999,0.766563227231291,0.97,0
BFA,Burkina Faso,0.9633826852570108,0.904,0.942,0.75,0.06099999999999994,0.6261518691834999,0.7917211123521793,0.15776837457699494,0.3835150146,0.8451783263068968,0.98,0
BGD,Bangladesh,0.9699524754744532,0.8280000000000001,0.798,0.565,0.115,0.44460540521637393,0.653974106613872,0.12265354572151008,0.01548217769999993,0.4649387640045415,0.955634482206804,0.02209302325581395
BGR,Bulgaria,0.5965458237565414,0,0,0,0,0.03010738375063293,0.39487293862993,0.02456185350182839,0.01884849549999998,0,0.3870765919662129,0.24374310863409815
BHR,Bahrain,0.892581874791549,0.2055,0.21733333333333327,0.123,0.10699999999999998,0.01016737874794204,0.04000000000000003,3.6637314726769645e-5,0.00822578429999993,0.3053157446271598,0.5805882352941176,0.00234633578477073
BHS,Bahamas,0.6905073617646471,0.4608333333333333,0.4721666666666666,0.27549999999999997,0.1472,0.23734885366278968,0.3803474528799815,0.3783997687174863,0.04002817500363676,0.24692664318802357,0.24692664318802351,0.00795468091082146
BIH,Bosnia and Herzegovina,0.5965458237565414,0,0,0,0,0.11174872391477908,0.790849459084256,0.00798210699730865,0.023037026343875975,0,0.19835827628431305,0.2275301980949638
BLR,Belarus,0.9042061727968338,0,0,0,0,0.05526684685280703,0.18490026803402992,0.00535364819209551,0,0.16146055215897936,0,0.02728193271934385
BLZ,Belize,0.6905073617646471,0.4608333333333333,0.4721666666666666,0.27549999999999997,0.1472,0.318899860212457,0.4666326272710501,0.05852475916192781,0,0.1874267594866181,0.873618205732114,0
BOL,Bolivia,0.6905073617646471,0.4608333333333333,0.4721666666666666,0.27549999999999997,0.1472,0.45805157696054366,0.784869887739034,0.12902713304668914,0.09502876279999996,0.5509248278153258,0.347784043631519,0.03736458002412697
BRA,Brazil,0.6905073617646471,0.4608333333333333,0.4721666666666666,0.27549999999999997,0.1472,0.3318010561918342,0.5514086871142461,0.01088944748779901,0.04002817500363676,0.2114631075442012,0.567089732015192,0.01768566496786044
BRB,Barbados,0.6905073617646471,0.4608333333333333,0.4721666666666666,0.27549999999999997,0.1472,0.3034164589181281,0.45025038948672047,0.03179836145454023,0.04002817500363676,0.2646753870100851,0.7608,0
BRN,Brunei Darussalam,0.8506213119131738,0.6752,0.7096,0.4489999999999999,0.2172000000000001,0.23734885366278968,0.3803474528799815,0.0120567674027381,0,0.2925858624500467,0.2925858624500467,0
BTN,Bhutan,0.9699524754744532,0.54,0.6038333333333333,0.3873333333333333,0.08066666666666666,0.6427603485095279,0.6369026893379334,0.00289661336400542,0,0.4481015413568715,0,0.8837209302325582
BWA,Botswana,0.9633826852570108,0.8461212121212122,0.833,0.6558235294117647,0.2560588235294118,0.5211279069544639,0.6806003392363467,0.15137468525029338,0,0.4397155533901193,0.65,0.661265166305844
CAF,Central African Republic,0.9633826852570108,0.8461212121212122,0.833,0.6558235294117647,0.2560588235294118,0.7414829085372258,0.913747305091796,0.5284025052494261,0.4905135192899888,0.7899207821992902,0.98,0
CAN,Canada,0.33055141449576125,0,0,0,0,0.01233778282119202,0.17589266520055402,0.00208199603318882,0,0,0,0
CHE,Switzerland,0.5637514787774341,0,0,0,0,0.04544597395699201,0.00460665106067592,0.00314190462864333,0.03252693179999994,0,0,0.04485822609892595
CHL,Chile,0.6905073617646471,0.4608333333333333,0.4721666666666666,0.27549999999999997,0.1472,0.01524197993495202,0.26412298212655505,0.02001308420295416,0.0498075867,0.16379955329677678,0,0.023641450848481
CHN,China,0.989443252806331,0.41,0,0,0,0.23974512970995565,0.35493486065704904,0.005371679784278,0.01381492609999995,0.27434411051481966,0.2755247965487379,0.5108097061804021
CIV,Cote dIvoire,0.9633826852570108,0.85,0.887,0.568,0.1920000000000001,0.6376392546731109,0.8357418398390557,0.17720207967550192,0.3696664047,0.6298837048945428,0.97,0
CMR,Cameroon,0.9633826852570108,0.8160000000000001,0.849,0.544,0.32799999999999996,0.6345781551571597,0.8006365578563798,0.05147875892844258,0.2610832977,0.3924295621026146,0.748283069557553,0
COD,"Congo, the Democratic Republic of the",0.9633826852570108,0.981,0.955,0.85,0.609,0.6965692960584765,0.8662263847595432,0.28970464547834135,0.2840837718628609,0.7100346658782908,0.7605197892057711,0.03570831898051557
COG,Congo,0.9633826852570108,0.838,0.81,0.531,0.1829999999999999,0.558159060835993,0.717357105638291,0.1985118732621448,0.20967095958999837,0.5452032408310642,0.8099023402992169,0
COL,Colombia,0.6905073617646471,0.132,0.17099999999999993,0.06999999999999995,0.04599999999999993,0.27191414548929704,0.834056604530539,0.04981958613747792,0,0.1672908409208318,0.1672908409208318,0.01824824135639754
COM,Comoros,0.9633826852570108,0.955,0.729,0.404,0.27,0.6357559041442222,0.8018826770771855,0.15071239400906228,0.2414587721999999,0.6893654663523299,0.807172249418747,0
CPV,Cape Verde,0.9633826852570108,0.8461212121212122,0.833,0.6558235294117647,0.2560588235294118,0.39052768928001624,0.5424185676761377,0.14280321574235574,0,0.2996393324452614,0.7540989717522079,0
CRI,Costa Rica,0.6905073617646471,0.4608333333333333,0.4721666666666666,0.27549999999999997,0.1472,0.06543968447389004,0.3445867605880042,0.02560226439174534,0.00533691410000003,0.05566210223255348,0.23226445818660696,0.0088743971639288
CUB,Cuba,0.6905073617646471,0.4608333333333333,0.4721666666666666,0.27549999999999997,0.1472,0.06253794095966025,0.573091968712278,0.00725680393206943,0.04054382320000002,0.2512055853632935,0.755588933921219,0
CYP,Cyprus,0.5637514787774341,0,0,0,0,0.00386932345752499,0.24449258575933597,0.05973857733866931,0.02386787409999996,0,0.01348296371895407,0.03773266998743978
CZE,Czech Republic,0.5965458237565414,0,0,0,0,0.02119277821865395,0.06530459494683594,0.00787899476183427,0.00676307679999993,0,0,0.24529275826764232
DEU,Germany,0.5637514787774341,0,0,0,0,0.002,0.02771129375040704,0.00171935968922583,0,0,0,0.04485562773121279
DJI,Djibouti,0.9633826852570108,0.8461212121212122,0.833,0.6558235294117647,0.2560588235294118,0.6285926039521307,0.651646012572751,0.13863075545344147,0.3633985901,0.6626928166710785,0.938171475974161,0
DNK,Denmark,0.5637514787774341,0,0,0,0,0.03262789121953902,0.05461474021143298,0.00468885060149109,0.01200683589999997,0,0,0.04652157340578387
DOM,Dominican Republic,0.6905073617646471,0.14200000000000002,0.259,0.14500000000000002,0.1472,0.46752978289290725,0.6238907573764473,0.05284214386003798,0.057804718,0.12585571010092167,0.531753586188193,0.00154985978310163
DZA,Algeria,0.892581874791549,0.2055,0.21733333333333327,0.123,0.10699999999999998,0.42483919886930555,0.822607116709335,0.02215460991489486,0,0.29117302344999363,0.75993554604225,0.00561441544779945
ECU,Ecuador,0.6905073617646471,0.4608333333333333,0.4721666666666666,0.27549999999999997,0.1472,0.256331344400739,0.578247012454945,0.06540830388687983,0,0.3205164592326639,0.3322890760531603,0.02725128118314624
EGY,Egypt,0.892581874791549,0.2055,0.03099999999999991,0.02500000000000002,0.09699999999999998,0.4100045614457577,0.4040831239543671,0.03260349638839476,0,0.2743747171407759,0.8575268350391669,0.0089154784041544
ERI,Eritrea,0.9633826852570108,0.8461212121212122,0.833,0.6558235294117647,0.2560588235294118,0.5269924874265632,0.6868053680909858,0.11995687179616342,0.6086259079,0.6589244933878142,0.6713840042130412,0.1699451477406019
ESP,Spain,0.5637514787774341,0,0,0,0,0.01519927341828808,0.03465644187348504,0.00883133061988688,0.00760810849999998,0,0.20431131772868305,0.04543356420591138
EST,Estonia,0.5965458237565414,0,0,0,0,0.06035204489606005,0.02885407858209499,0.00943242403420614,0,0,0,0.23797716215312031
ETH,Ethiopia,0.9633826852570108,0.945,0.947,0.862,0.4449999999999999,0.896875569321441,0.7448797415763269,0.18541461274502277,0.4560469818,0.81459810259587,0.200990557234598,0.38485632679000115
FIN,Finland,0.5637514787774341,0,0,0,0,0.00369373914119708,0.00819056914188498,0.00464512936905383,0,0,0,0.04684523669692476
FJI,Fiji,0.8506213119131738,0.6752,0.7096,0.4489999999999999,0.2172000000000001,0.41860398032636215,0.5721247328319649,0.0327834230956656,0,0.33815179826908853,0.7047884930509191,0
FRA,France,0.5637514787774341,0,0,0,0,0.0228610182275909,0.11548563852044792,0.00140863289703434,0.012280424118750053,0,0,0.04683648441819342
FSM,"Micronesia, Federated States of",0.8506213119131738,0.6752,0.7096,0.4489999999999999,0.2172000000000001,0.48377848016802816,0.641082717811143,2.6447576253749663e-5,0.02889847605467288,0.34589041872687154,0.5401475069518068,0.08638372093023255
GAB,Gabon,0.9633826852570108,0.20599999999999996,0.626,0.16599999999999993,0.08099999999999996,0.5407005180823605,0.7013091720995018,0.1112918282141398,0.29258463113342087,0.40897476773983354,0.4786377453265647,0
GBR,United Kingdom,0.5637514787774341,0,0,0,0,1.1223715336194928e-4,0.02282521548529004,0.00235290551344551,0.012280424118750053,0,0,0.0458860595920634
GEO,Georgia,0.9042061727968338,0,0,0,0,0.20395848928196905,0.735578018772906,0.05128135549563764,0,0.321136687176821,0.204421714416935,0.03852094697393886
GHA,Ghana,0.9633826852570108,0.747,0.653,0.366,0.09599999999999996,0.6688010757056531,0.717357105638291,0.05166414246591119,0,0.5132620290851544,0.96,0
GIN,Guinea,0.9633826852570108,0.976,0.835,0.687,0.10799999999999998,0.679932270266962,0.8486235527099443,0.08896387784412797,0.3615076791333422,0.5887493738325054,0.961603734264231,0
GLP,Guadeloupe,0.6905073617646471,0.4608333333333333,0.4721666666666666,0.27549999999999997,0.1472,0.33670946263034984,0.5341961101465127,0.06955347918419184,0.04002817500363676,0.24091304961489576,0.4372792730366615,0.00152521478136461
GMB,Gambia,0.9633826852570108,0.977,0.773,0.515,0.09400000000000008,0.5721569110281943,0.7345916595374979,0.10342117212551535,0.3068578339,0.42714203864403866,0.9149828054872308,0
GNB,Guinea-Bissau,0.9633826852570108,0.8461212121212122,0.833,0.6558235294117647,0.2560588235294118,0.6490482814510875,0.8159466983875324,0.25339523878023423,0.29258463113342087,0.7312040083529614,0.936980034311176,0
GNQ,Equatorial Guinea,0.9633826852570108,0.8461212121212122,0.833,0.6558235294117647,0.2560588235294118,0.6792911672490911,0.8479452326248827,0.00496779419797127,0.495745697,0.6759172485598364,0.44050675861563,0
GRC,Greece,0.5637514787774341,0,0,0,0,0,0.114072254159735,0.00484891403033541,0.03706101989000103,0,0.33475092540111295,0.04209070292665237
GRD,Grenada,0.6905073617646471,0.4608333333333333,0.4721666666666666,0.27549999999999997,0.1472,0.12884731648340908,0.4718459995633293,0.23372993874370543,0.12586669920000004,0.2672563973834482,0,0
GTM,Guatemala,0.6905073617646471,0.609,0.556,0.27,0.125,0.44927611027535,0.6082038675950953,0.14238979899659052,0.15290336609999997,0.31741341581656124,0.279388828676412,0.03805428190272716
GUF,French Guiana,0.6905073617646471,0.4608333333333333,0.4721666666666666,0.27549999999999997,0.1472,0.33670946263034984,0.5341961101465127,0.06955347918419184,0.04002817500363676,0.2508351290047304,0.160898331778128,0
GUM,Guam,0.33055141449576125,0,0,0,0,0.00458826515750698,0.317322110077053,5.708472918306648e-5,0,0,0,0
GUY,Guyana,0.6905073617646471,0.4608333333333333,0.4721666666666666,0.27549999999999997,0.1472,0.47902904372422295,0.6360575688994193,0.04708920545304637,0.04002817500363676,0.3008205972232817,0.9020189052909532,0
HKG,Hong Kong,0.989443252806331,0.842,0.92,0.34299999999999997,0.128,0,0.08178355282999905,0.00663504162634316,0.015531082149999981,0.3632,0.3632,0.1403963506105835
HND,Honduras,0.6905073617646471,0.5589999999999999,0.42399999999999993,0.278,0.14300000000000002,0.37046734625148214,0.5211936892865922,0.1272837461742036,0.07530670169999994,0.3808748149240063,0.4735259313425201,0
HRV,Croatia,0.5965458237565414,0,0,0,0,0.09547395486509802,0.416010795915279,0.01676060793001214,0,0,0.011723248453122,0.2330483224860126
HTI,Haiti,0.6905073617646471,0.952,0.865,0.6930000000000001,0.241,0.6249212369019367,0.7904190398760869,0.4492608176374607,0.04002817500363676,0.5754875705102165,0.930612835787299,0
HUN,Hungary,0.5965458237565414,0,0,0,0,0.16030365609116104,0.0423507615014429,0.01057681311032573,0.03142143250000004,0,0,0.24103753832971003
IDN,Indonesia,0.8506213119131738,0.277,0.4310000000000001,0.113,0.11,0.4453637439230955,0.6004379439902068,0.07226151745888969,0,0.3760419855710645,0.790861008579802,0
IND,India,0.9699524754744532,0.562,0.704,0.348,0.09599999999999996,0.5327042827345732,0.6928487423556255,0.11941766950929412,0.03217060854923034,0.3467814628634707,0.931965071756708,0.19176744186046513
IRL,Ireland,0.5637514787774341,0,0,0,0,0.02700160858342892,0.17816816270673896,8.321020425862034e-4,0.012280424118750053,0,0,0.04201973690269198
IRN,"Iran, Islamic Republic of",0.892581874791549,0.2055,0.21733333333333327,0.123,0.10699999999999998,0.08331332917582102,0.4769447829158579,0.04119547839394792,0,0.18867821569941015,0.455492100556528,0.00496424879517945
IRQ,Iraq,0.892581874791549,0.2055,0.21733333333333327,0.123,0.10699999999999998,0.422005430563047,0.603033879880603,0.20364504776367892,0.08262814378645303,0.4107937392977861,0.6466765074163,0.00559821457238662
ISL,Iceland,0.5637514787774341,0,0,0,0,0.01056480546699001,0.228967026639603,0.00172344471564191,0.01597277826000038,0,0,0.04849133272942239
ISR,Israel,0.892581874791549,0.2055,0.21733333333333327,0.123,0.10699999999999998,0.00511674355714897,0.0801023107252079,4.949173410599244e-4,0,0.30638590058861737,0.30638590058861737,0.00209904568478949
ITA,Italy,0.5637514787774341,0,0,0,0,0.05526863641556201,0.03801588997396199,0.00180694260324631,0,0,0.295749887922651,0.04370378454108475
JAM,Jamaica,0.6905073617646471,0.4608333333333333,0.4721666666666666,0.27549999999999997,0.1472,0.327051619748029,0.475257609633377,0.07578456846459253,0.04002817500363676,0.14224333368562836,0.9000000000000001,0
JOR,Jordan,0.892581874791549,0.002,0.01800000000000001,0.01200000000000001,0.02400000000000002,0.06129382289586005,0.195980997743895,0.06651767816633944,0.15896657308333487,0.11127160039166129,0.91,0.00383031451413122
JPN,Japan,0.4647866215703289,0,0,0,0,0.01636961268218195,0.01167070378188894,0.01632046181117989,0,0,0,0.02992660571635326
KAZ,Kazakhstan,0.9042061727968338,0,0,0,0,0.14479111482544593,0.4157436748631981,0.01743314757742644,0,0.18064636951096852,0.4064967843615459,0.03507633518952142
KEN,Kenya,0.9633826852570108,0.8461212121212122,0.92,0.632,0.09900000000000007,0.5217873272286468,0.681298039924078,0.17827547855204473,0,0.5991524281870299,0.157127518009728,0.21226611838417592
KGZ,Kyrgyzstan,0.9042061727968338,0.223,0.20499999999999996,0.01500000000000001,0.03500000000000003,0.3366081573645511,0.5618632677377374,0.05040644806016968,0,0.623098656326116,0.598742903683397,0.04847390985848772
KHM,Cambodia,0.989443252806331,0.842,0.92,0.34299999999999997,0.128,0.753503010952122,0.6369026893379334,0.13769887905013525,0.04830940249999997,0.35653778081880866,0.968735861842214,0
KOR,"Korea, Republic of",0.8506213119131738,0.6752,0.7096,0.4489999999999999,0.2172000000000001,0.02007103747034289,0.00375075897922205,0.00642642074844804,0,0.2860048961007293,0.2860048961007293,0.8810697674418604
KWT,Kuwait,0.892581874791549,0.2055,0.21733333333333327,0.123,0.10699999999999998,0,0,0.01435097035763212,0,0.31133146586086163,0.31133146586086163,9.562315766744784e-4
LAO,Lao Peoples Democratic Republic,0.989443252806331,0.842,0.92,0.34299999999999997,0.128,0.847154754456059,0.45777360784171595,0.05450607357206014,0,0.3060098904965531,0.8788727222679391,0.23331921614614756
LBN,Lebanon,0.892581874791549,0.2055,0.21733333333333327,0.123,0.10699999999999998,0.5247607152268909,0.788519067203844,0.04134921262216609,0.2807939148,0.30393556121114285,0.8300000000000001,0.00266526658292696
LBR,Liberia,0.9633826852570108,0.997,0.923,0.78,0.374,0.6453319708574549,0.8120146499526958,0.3613803156259135,0.3967490195928571,0.7836778754974033,0.944144962138631,0
LBY,Libyan Arab Jamahiriya,0.892581874791549,0.2055,0.21733333333333327,0.123,0.10699999999999998,0.2867560111447267,0.73674908254328,0.03118179184122901,0.08262814378645303,0.29851587263277135,0.5768263276238786,0.00390196986082876
LCA,Saint Lucia,0.6905073617646471,0.4608333333333333,0.4721666666666666,0.27549999999999997,0.1472,0.35970410186284263,0.5098056211513223,0.0976032686398849,0.04002817500363676,0.08230667182482133,0.7608,0
LKA,Sri Lanka,0.9699524754744532,0.54,0.6038333333333333,0.3873333333333333,0.08066666666666666,0.19495080747564364,0.3354881315315633,0.07071274661025798,0.01285018919999998,0.4352555563308123,0.6334705805943921,0
LSO,Lesotho,0.9633826852570108,0.6379999999999999,0.78,0.7230000000000001,0.16299999999999992,0.688408545602685,0.8575918895395351,0.31763165704854457,0.23222251889999995,0.6321479877662368,0,0.661265166305844
LTU,Lithuania,0.5965458237565414,0,0,0,0,0.08842187645364008,0.097595672020376,0.00524044432181241,0,0,0,0.2403410332034057
LUX,Luxembourg,0.5637514787774341,0,0,0,0,0.00191782070382895,0.04545956457839395,0.00554339944591742,0,0,0,0.04697564870365586
LVA,Latvia,0.5965458237565414,0,0,0,0,0.05220319471108492,0.151433780791416,0.01356242479192543,0,0,0,0.23787112703027383
MAC,Macau,0.8506213119131738,0.6752,0.7096,0.4489999999999999,0.2172000000000001,0.00357607843137008,0.47287738193018164,0.07978468037597858,0.06220680239999993,0.2701562158268677,0.5401475069518068,0.08638372093023255
MAR,Morocco,0.892581874791549,0.2055,0.21733333333333327,0.123,0.10699999999999998,0.308929185591828,0.614294331968773,0.02855172602975575,0,0.17532917721990587,0.90632755052776,0.00661723133406902
MDA,"Moldova, Republic of",0.9042061727968338,0,0,0,0,0.27697001602000493,0.4802827585451006,0.15400231862440775,0.0909139252,0.20586265602613504,0.0844692555243486,0.04155472194900002
MDG,Madagascar,0.9633826852570108,0.993,0.965,0.829,0.6599999999999999,0.5663238515780007,0.7284199815510725,0.3560994449872503,0.30659858700000003,0.7147718706966182,0.386280850514111,0.2704574530190902
MDV,Maldives,0.9699524754744532,0.0209999999999999,0.02200000000000002,0.06200000000000005,0.01300000000000001,0.22495815168794264,0.3672374506131634,0.18233405924975168,0.05699180094153839,0.4512900133004449,0.390777449221075,0
MEX,Mexico,0.6905073617646471,0.4608333333333333,0.4721666666666666,0.27549999999999997,0.1472,0.575364855055759,0.5445309515244061,0.04324983605908105,0,0.1267104445153134,0.341830498592567,0.02978601017565582
MKD,"Macedonia, the former Yugoslav Republic of",0.5965458237565414,0,0,0,0,0.16577599790296704,0.838430468059829,0.02769854260302173,0.1030893707,0,0.05496873828243,0.23572812186166997
MLI,Mali,0.9633826852570108,0.989,0.897,0.5740000000000001,0.112,0.6757311955599509,0.826646585672226,0.04059290056540735,0.4908612061,0.7571431563394193,0.98,0
MLT,Malta,0.5637514787774341,0,0,0,0,8.9208479492342e-9,0.07010574581895002,0.00415724342027998,0.00713378910000003,0,0.7210526315789474,0.04878105120565526
MMR,Myanmar,0.8506213119131738,0.771,0.84,0.42899999999999994,0.27,0.565246419061503,0.7272800023342127,0.11282709920510632,0.15220398320963852,0.469831953100336,0.854589487891668,0.15553488372093022
MNE,Montenegro,0.5965458237565414,0,0,0,0,0.07501048749987405,0.1305289047304492,0.00527766406139672,0.07421829220000006,0,0,0.23675650069742257
MNG,Mongolia,0.989443252806331,0.842,0.92,0.34299999999999997,0.128,0.7625710999229309,0.5098056211513223,0.15053001760445558,0.015531082149999981,0.38284139726090893,0.0848347642978711,0.4409458111812481
MOZ,Mozambique,0.9633826852570108,0.951,0.829,0.745,0.372,0.6483100414408662,0.8151656023505924,0.26238277402212296,0.5210636139,0.631645532416433,0.9579370944028952,0.00793518199567012
MRT,Mauritania,0.9633826852570108,0.8461212121212122,0.833,0.6558235294117647,0.2560588235294118,0.6333940456586836,0.7993837088861847,0.07387348309108513,0.3165692138999999,0.7365838920015018,0.949660965420272,0
MTQ,Martinique,0.6905073617646471,0.4608333333333333,0.4721666666666666,0.27549999999999997,0.1472,0.33670946263034984,0.5341961101465127,0.06955347918419184,0.04002817500363676,0.24484853494388775,0.4372792730366615,0.00573286022963656
MUS,Mauritius,0.9633826852570108,0.8461212121212122,0.833,0.6558235294117647,0.2560588235294118,0.30695294003610885,0.4539921690539641,0.04787937821234065,0,0.6348379531661248,0.6348379531661248,0
MWI,Malawi,0.9633826852570108,0.982,0.949,0.892,0.494,0.5636202775465482,0.7255594606739822,0.14183296246043103,0.17179967608572952,0.6036523250579126,0.904924715863495,0.5435599667034037
MYS,Malaysia,0.8506213119131738,0.6752,0.7096,0.4489999999999999,0.2172000000000001,0.06700187367743393,0.14127436580502806,0.02983978066846847,0,0.18780878808720064,0.18780878808720064,0
MYT,Mayotte,0.9633826852570108,0.8461212121212122,0.833,0.6558235294117647,0.2560588235294118,0.6217341241906738,0.7613476883185094,0.1665324996734929,0.29258463113342087,0.6252292035716849,0.6792617177825088,0.1492590482989908
"NAM",Namibia,0.9633826852570108,0.5609999999999999,0.5820000000000001,0.5640000000000001,0.115,0.5231002477738509,0.6826871776306194,0.11268123238000996,0.10871151590813496,0.42007150648776626,0.77289362368111,0.6586201056406206
NCL,New Caledonia,0.8506213119131738,0.6752,0.7096,0.4489999999999999,0.2172000000000001,0.03673655091863903,0.47287738193018164,0.06665608347145958,0.02889847605467288,0.3103059704531108,0.5401475069518068,0.08638372093023255
NER,Niger,0.9633826852570108,0.991,0.967,0.885,0.5,0.6195072068691012,0.9096336444959808,0.13348068044602393,0.3101157379,0.6891223207618384,0.98,0.00330632583152921
NGA,Nigeria,0.9633826852570108,0.853,0.78,0.509,0.121,0.803313252301594,0.735780413295306,0.09355247955802638,0.29258463113342087,0.5910216941540577,0.9378198467636808,0
NIC,Nicaragua,0.6905073617646471,0.4608333333333333,0.4721666666666666,0.27549999999999997,0.1472,0.485734210281514,0.5127054752078353,0.1627733006646867,0.04002817500363676,0.2783845071870712,0.778143108014041,0
NLD,Netherlands,0.5637514787774341,0,0,0,0,4.567639601440465e-4,0.02529622383236107,0.00841484778661131,0.012280424118750053,0,0,0.04646101495237939
NOR,Norway,0.5637514787774341,0,0,0,0,0.01478249336870107,0.2409416831656379,0.00314156047317339,1.0963439999997604e-4,0,0,0.04547256219915276
NPL,Nepal,0.9699524754744532,0.661,0.845,0.484,0.07200000000000006,0.731280907391525,0.6555363031153157,0.04765588364451356,0,0.4502879664115303,0.670579406284071,0.8837209302325579
NZL,New Zealand,0.4647866215703289,0,0,0,0,0.00786060606060301,0.12525055923166095,0.00746449613391023,0,0,0,0.03001847812386078
OMN,Oman,0.892581874791549,0.2055,0.21733333333333327,0.123,0.10699999999999998,0.10131600317676204,0.3951600560073823,0.06094221058331794,0,0.2952510957951122,0.2952510957951122,0.00254627289470442
PAK,Pakistan,0.9699524754744532,0.496,0.44600000000000006,0.372,0.06099999999999994,0.642453674173631,0.8258686347581488,0.10709827765396836,0.2814478302000001,0.4537791085703603,0.901894842369379,0.699906976744186
PAN,Panama,0.6905073617646471,0.4608333333333333,0.4721666666666666,0.27549999999999997,0.1472,0.33949507636303855,0.4884234290325512,0.06245199037254594,0,0.2494876021817263,0.24948760218172628,0
PER,Peru,0.6905073617646471,0.371,0.558,0.1970000000000001,0.1809999999999999,0.501770432438146,0.613702432809706,0.04930395145316216,0.00553863530000001,0.43128384972600087,0.165572489906582,0.03404656640121648
PHL,Philippines,0.8506213119131738,0.495,0.573,0.231,0.112,0.537635883230832,0.498655387961468,0.1298197181223348,0,0.418598187623444,0.7636542586890509,0
PNG,Papua New Guinea,0.8506213119131738,0.924,0.9,0.874,0.43700000000000006,0.5657857971340029,0.7278506921762814,0.1885660458918413,0.02889847605467288,0.35666689640113763,0.3680674825295995,0
POL,Poland,0.5965458237565414,0,0,0,0,0.01957409015814604,0.08017393080498292,0.00367505850755056,0.01011281395813966,0,0,0.2363169156366866
PRI,Puerto Rico,0.33055141449576125,0,0,0,0,0.06490024397042804,0.6745569564208089,3.304278248711904e-9,0,0,0.02545909149345604,0
PRK,"Korea, Democratic Peoples Republic of",0.989443252806331,0.842,0.92,0.34299999999999997,0.128,0.33039807643193897,0.5112600792310414,0.3986607454811749,0.015531082149999981,0.3405202953144127,0.0100998912828937,0.0964486328532604
PRT,Portugal,0.5637514787774341,0,0,0,0,0.04726592623767001,0.18154117712861195,0.00319852430658909,0.012280424118750053,0,0.387614729084984,0.04247280606359795
PRY,Paraguay,0.6905073617646471,0.4608333333333333,0.4721666666666666,0.27549999999999997,0.1472,0.375410786123607,0.43099249089581304,0.06577476849085633,0.15395656578000852,0.159328502559786,0.9000000000000001,0.07314197775674067
PSE,"Palestinian Territory, Occupied",0.892581874791549,0.2055,0.21733333333333327,0.123,0.10699999999999998,0.39291094183064423,0.39392587333271,0.37083998191042816,0.0447559357,0.29600318647702284,0.96,0.00449826832448395
PYF,French Polynesia,0.8506213119131738,0.6752,0.7096,0.4489999999999999,0.2172000000000001,0.3282392251508026,0.47287738193018164,0.02925098572218923,0.02889847605467288,0.3157810842196832,0.5401475069518068,0.08638372093023255
QAT,Qatar,0.892581874791549,0.2055,0.21733333333333327,0.123,0.10699999999999998,0.03698009663979207,0.06134616317843688,0.00111397293913863,0.08023300169999999,0.30911120599987263,0.30911120599987263,0.00146340888702446
REU,Reunion,0.9633826852570108,0.8461212121212122,0.833,0.6558235294117647,0.2560588235294118,0.6217341241906738,0.7613476883185094,0.1665324996734929,0.29258463113342087,0.5758955114536323,0.6735560736652528,0.1492590482989908
ROU,Romania,0.5965458237565414,0,0,0,0,0.18098059746500297,0.275724301685363,0.00308176144960884,0.07548141479999998,0,0.058001290595876,0.23419195467447632
RUS,Russian Federation,0.9042061727968338,0,0,0,0,0.24182672079148604,0.39479752679203006,0.005861657642093,0,0.16577905652584027,0.30043461325992604,0.02791808048387292
RWA,Rwanda,0.9633826852570108,0.983,0.983,0.893,0.374,0.5046759114951928,0.66319327882907,0.26050146015518355,0.3921965027,0.8844531712628043,0,0.4476765175890564
SAU,Saudi Arabia,0.892581874791549,0.2055,0.21733333333333327,0.123,0.10699999999999998,0.189024579802476,0.23596458250807695,0.03347570707701661,0,0.30084217327688967,0.362653053200089,0.00227479533166112
SDN,Sudan,0.892581874791549,0.2055,0.21733333333333327,0.123,0.10699999999999998,0.5897470901787547,0.7532029770403895,0.09163626698893944,0.4603465815428626,0.5362657929053084,0.958744059839164,6.604019912032487e-5
SEN,Senegal,0.9633826852570108,0.716,0.717,0.43299999999999994,0.04000000000000003,0.5333298382969895,0.7971301551641929,0.09567108617010676,0.4280007935,0.5324998050476814,0.932601040599811,0
SGP,Singapore,0.8506213119131738,0.6752,0.7096,0.4489999999999999,0.2172000000000001,0,0,7.5459649718676e-4,0.02889847605467288,0.2701562158268677,0.7253846153846154,0
SLB,Solomon Islands,0.8506213119131738,0.6752,0.7096,0.4489999999999999,0.2172000000000001,0.3964379413565504,0.5486719194457244,0.08542759473830636,0.11404243469999996,0.3504492515569017,0.7847628915671914,0.08638372093023255
SLE,Sierra Leone,0.9633826852570108,0.995,0.881,0.814,0.32900000000000007,0.908429972225934,0.872367874621925,0.248392494468812,0.34027938840000005,0.8743150108894703,0.9505862926393672,0
SLV,El Salvador,0.6905073617646471,0.4608333333333333,0.4721666666666666,0.27549999999999997,0.1472,0.318899860212457,0.4666326272710501,0.08312257089887051,0,0.32051674173082856,0.758037737916897,0
SOM,Somalia,0.9633826852570108,0.8461212121212122,0.833,0.6558235294117647,0.2560588235294118,0.7222951396409575,0.8934456551743091,0.6000223202613499,0.29258463113342087,0.7064068834809831,0.8821236355689368,0
SRB,Serbia,0.5965458237565414,0,0,0,0,0.25292261543024697,0.756477104838596,0.03302326654663047,0,0,0.359977021751123,0.22057581019710013
STP,Sao Tome and Principe,0.9633826852570108,0.8461212121212122,0.833,0.6558235294117647,0.2560588235294118,0.4758046168498401,0.6326459588293717,0.10013569094019768,0.07143590995860905,0.8027691474550689,0,0
SUR,Suriname,0.6905073617646471,0.4608333333333333,0.4721666666666666,0.27549999999999997,0.1472,0.3940929235389335,0.5461907695506583,0.05988795615097198,0.05426986690000007,0.1340671007082876,0.6567011287314439,0
SVK,Slovakia,0.5965458237565414,0,0,0,0,0.00445502793296004,0.17299361346645492,0.05167706784433482,0.02562049869999995,0,0,0.23235150269040733
SVN,Slovenia,0.5965458237565414,0,0,0,0,0.034490653764921,0.174673624592666,0.00712726528755445,0,0,0,0.22832702015429748
SWE,Sweden,0.5637514787774341,0,0,0,0,5.999750097299694e-4,0.06701659079868805,0.00864531507938222,0,0,0,0.04664595016743336
SWZ,Swaziland,0.9633826852570108,0.8461212121212122,0.833,0.6558235294117647,0.2560588235294118,0.6015000147826938,0.7656381779282944,0.13887302229445017,0.1777263030400036,0.6007616489259088,0.7139507320225831,0.661265166305844
SYR,Syrian Arab Republic,0.892581874791549,0.2055,0.21733333333333327,0.123,0.10699999999999998,0.3333616113626302,0.4819339064678061,0.05502749724010953,0.18073462323334752,0.21496983348602405,0.46868706042861663,0.00708479975542035
TCD,Chad,0.9633826852570108,0.969,0.98,0.923,0.412,0.7041507481268195,0.8742479523836792,0.32362389263610364,0.5921490592999953,0.7464407817010805,0.9669081752736052,0.00793518199567012
TGO,Togo,0.9633826852570108,0.908,0.923,0.635,0.15599999999999992,0.6169626087625685,0.7819984004999093,0.18524629756072764,0.15728103640000002,0.6970890341498781,0.98,0
THA,Thailand,0.8506213119131738,0.6752,0.7096,0.4489999999999999,0.2172000000000001,0.2349260988913724,0.37778405327520503,0.06451435500972372,0.02889847605467288,0.15475407907093983,0.625939349862513,0
TJK,Tajikistan,0.9042061727968338,0.16500000000000004,0.30599999999999994,0.02000000000000001,0.03700000000000003,0.525221671071346,0.6784945580258258,0.318422750411501,0.004418869,0.3882023402143824,0.683580692845756,0.05303617978822346
TKM,Turkmenistan,0.9042061727968338,0,0,0,0,0.08286902502551596,0.7416798935509317,0.02901579828614909,0.009753379820000005,0.2529367750931157,0.6751994801669521,0.04001084748997936
TLS,Timor Leste,0.8506213119131738,0.909,0.804,0.598,0.15700000000000003,0.5798689748216692,0.7427514211086781,0.2695270857539196,0,0.33961313461356724,0.730026558073654,0
TON,Tonga,0.8506213119131738,0.6752,0.7096,0.4489999999999999,0.2172000000000001,0.33797772030102124,0.4868179879967649,1.4747815800474092e-4,0.02889847605467288,0.2763548042652735,0.5401475069518067,0.08638372093023255
TTO,Trinidad and Tobago,0.6905073617646471,0.4608333333333333,0.4721666666666666,0.27549999999999997,0.1472,0.38690352286756624,0.5385840125412474,0.04448096135900895,0.04002817500363676,0.27944485990392864,0.27944485990392864,0
TUN,Tunisia,0.892581874791549,0.2055,0.21733333333333327,0.123,0.10699999999999998,0.07861946637970507,0.23493129019327597,0.01650072005982648,0,0.13443392285758865,0.8499999999999999,0.0055545648513939
TUR,Turkey,0.5637514787774341,0,0.01400000000000001,0.0209999999999999,0.04400000000000004,0.27692220715496285,0.351112974902245,0.00159376265505707,0.02875083934999963,0,0.21726817921701197,0.04399978036563427
TZA,"Tanzania, United Republic of",0.9633826852570108,0.958,0.921,0.77,0.18500000000000005,0.5721569110281943,0.768203736979036,0.22099879593228883,0.4002592312849992,0.6280369350167807,0.466426627988925,0.03835337964573895
UGA,Uganda,0.9633826852570108,0.985,0.948,0.8089999999999999,0.231,0.9316727307656952,0.7155610814121889,0.3001051628688583,0.469469986,0.7394933748674217,0.439763618108009,0.01388656849242272
UKR,Ukraine,0.9042061727968338,0,0,0,0,0.08122730582744297,0.360894825757902,0.01938622338730721,0,0.1767976934461617,0.45853224551638005,0.03039824484022708
URY,Uruguay,0.6905073617646471,0.4608333333333333,0.4721666666666666,0.27549999999999997,0.1472,0.19785491716245285,0.3385608294831761,0.00826812725193259,0,0.15787574236010196,0.5290665929658249,0.01852924654029641
USA,United States of America,0.33055141449576125,0,0,0,0,0.01009022102079304,0.10151670860979611,8.719673902826944e-5,0,0,0,0
UZB,Uzbekistan,0.9042061727968338,0,0,0,0,0.411411648203454,0.5954488204382586,0.02217927923378597,0.00220100400000006,0.26737753281912624,0.917709061361748,0.04744308585310743
VCT,Saint Vincent and the Grenadines,0.6905073617646471,0.4608333333333333,0.4721666666666666,0.27549999999999997,0.1472,0.3638024842893749,0.5141419213069709,0.04241758138072669,0.01653747559999999,0.2625204017557191,0.84,0
VEN,Venezuela,0.6905073617646471,0.4608333333333333,0.4721666666666666,0.27549999999999997,0.1472,0.37177634760756295,0.760309775467956,0.1067105636306939,0.04771873470000003,0.24718594322270696,0.2962857420367564,1.5574679829633703e-4
VIR,"Virgin Islands, U.S.",0.33055141449576125,0,0,0,0,0.02297912824248002,0.317322110077053,5.708472918306648e-5,0,0,0,0
VNM,Viet Nam,0.989443252806331,0.842,0.92,0.34299999999999997,0.128,0.3794703677787672,0.5307193507761928,0.06763464855226485,0,0.2939661151900466,0.894971550497063,0.35483402613884396
VUT,Vanuatu,0.8506213119131738,0.6752,0.7096,0.4489999999999999,0.2172000000000001,0.564833032663507,0.604353400713993,0.06232954988091535,0.01832849234643617,0.3423298750333029,0.424093068931958,0
WSM,Samoa,0.8506213119131738,0.6752,0.7096,0.4489999999999999,0.2172000000000001,0.413113586675927,0.5128552735730321,0.01581972812732022,0,0.3487372206231161,0.7547628915671913,0.08638372093023255
YEM,Yemen,0.892581874791549,0.409,0.603,0.3320000000000001,0.19999999999999996,0.5773283082023455,0.7400632646824983,0.26054391163939533,0.2732501737966095,0.37375828619580687,0.492012698758397,0.00450470883328043
ZAF,South Africa,0.9633826852570108,0.18900000000000008,0.253,0.232,0.04299999999999993,0.5089060827553481,0.667669018373306,0.04133553576885467,0.29258463113342087,0.17155168535856616,0.478800610433029,0.652668719143868
ZMB,Zambia,0.9633826852570108,0.909,0.781,0.634,0.263,0.5853569241930363,0.7485579548179753,0.40364344751478454,0.17157358748372645,0.7613073878426424,0.89066682387691,0.6361370899862219
ZWE,Zimbabwe,0.9633826852570108,0.71,0.752,0.626,0.1309999999999999,0.5536017140617377,0.7149593033735524,0.42365830592615605,0.07703651440001522,0.5065982486171883,0.8216802737680229,0.6215892563274932
